INSERT INTO categories (cat_id, cat_title) VALUES (1, 'Cakes');
INSERT INTO categories (cat_id, cat_title) VALUES (2, 'Cupcakes');
INSERT INTO categories (cat_id, cat_title) VALUES (3, 'Tiny cupcakes');
INSERT INTO categories (cat_id, cat_title) VALUES (4, 'Cookies');
INSERT INTO categories (cat_id, cat_title) VALUES (5, 'Chocolates');

INSERT INTO ingredients (ing_id, ing_title) VALUES (1, 'Chocolate');
INSERT INTO ingredients (ing_id, ing_title) VALUES (2, 'Vanilla');
INSERT INTO ingredients (ing_id, ing_title) VALUES (3, 'Strawberry');
INSERT INTO ingredients (ing_id, ing_title) VALUES (4, 'Caramel');
INSERT INTO ingredients (ing_id, ing_title) VALUES (5, 'Forest Fruits');
INSERT INTO ingredients (ing_id, ing_title) VALUES (6, 'Lemon');
INSERT INTO ingredients (ing_id, ing_title) VALUES (7, 'Coconut');
INSERT INTO ingredients (ing_id, ing_title) VALUES (8, 'Peanut Butter');
INSERT INTO ingredients (ing_id, ing_title) VALUES (9, 'Dark Chocolate');
INSERT INTO ingredients (ing_id, ing_title) VALUES (10, 'Candy');
INSERT INTO ingredients (ing_id, ing_title) VALUES (11, 'Peppermint');
INSERT INTO ingredients (ing_id, ing_title) VALUES (12, 'White chocolate');

  INSERT INTO describtion (desc_id, desc_ticle) VALUES (1, 'Chocolate Cake with white chocolate');
INSERT INTO describtion (desc_id, desc_ticle) VALUES (2, 'Vanilla mini-cake with forest fruit');
  INSERT INTO describtion (desc_id, desc_ticle) VALUES   (3, 'Vanilla cake with forest fruit frosting');
INSERT INTO describtion (desc_id, desc_ticle) VALUES (4, 'Vanilla Cake with coconut');
INSERT INTO describtion (desc_id, desc_ticle) VALUES   (5, 'Red velvet cake with white chocolate');
INSERT INTO describtion (desc_id, desc_ticle) VALUES   (6, 'Vanilla Cake');
INSERT INTO describtion (desc_id, desc_ticle) VALUES   (7, 'Lemon cake with berries');
INSERT INTO describtion (desc_id, desc_ticle) VALUES   (8, 'German chocolate cake with caramel');

 INSERT INTO describtion (desc_id, desc_ticle) VALUES  (9, 'Candy cookies');
INSERT INTO describtion (desc_id, desc_ticle) VALUES   (10, 'Candy vanilla cookies');
 INSERT INTO describtion (desc_id, desc_ticle) VALUES  (11, 'Strawberry cookies with chocolate');
INSERT INTO describtion (desc_id, desc_ticle) VALUES   (12, 'Christmas cookies- chocolate and mint');
INSERT INTO describtion (desc_id, desc_ticle) VALUES   (13, ' Three layers cookies-c,v,s');
INSERT INTO describtion (desc_id, desc_ticle) VALUES   (14, 'Peanut butter cookies');
INSERT INTO describtion (desc_id, desc_ticle) VALUES   (15, 'Caramel cookies with chocolate candy');
INSERT INTO describtion (desc_id, desc_ticle) VALUES   (16, 'Coconut cookies');

INSERT INTO describtion (desc_id, desc_ticle) VALUES   (17,'Classic Vanilla with Green Icing');
INSERT INTO describtion (desc_id, desc_ticle) VALUES   (18,'Cocoa cupcakes with vanilla frosting');
 INSERT INTO describtion (desc_id, desc_ticle) VALUES  (19,'Cocoa cupcakes with caramel frosting');
INSERT INTO describtion (desc_id, desc_ticle) VALUES   (20,'Cocoa cupcakes with chocolate frosting');
INSERT INTO describtion (desc_id, desc_ticle) VALUES   (21,'Vanilla cupcakes with vanilla frosting');
INSERT INTO describtion (desc_id, desc_ticle) VALUES   (22,'Cocoa cupcakes with pink frosting');
INSERT INTO describtion (desc_id, desc_ticle) VALUES   (23,'Chocolate tiny_cupcakes');
INSERT INTO describtion (desc_id, desc_ticle) VALUES   (24,'Vanilla tinycupcakes');
 INSERT INTO describtion (desc_id, desc_ticle) VALUES  (25,'Chocolate tiny_cupcakes with chocolate');
 INSERT INTO describtion (desc_id, desc_ticle) VALUES  (26,'Caramel tinycupcakes');
INSERT INTO describtion (desc_id, desc_ticle) VALUES   (27,'Vanilla tiny_cupcakes with strawberry');
 INSERT INTO describtion (desc_id, desc_ticle) VALUES  (28,'Vanilla tinycupcakes with pink frosting');
 
 INSERT INTO describtion (desc_id, desc_ticle) VALUES  (29,'Dark chocolate');
INSERT INTO describtion (desc_id, desc_ticle) VALUES   (30,'Milk chocolate');
INSERT INTO describtion (desc_id, desc_ticle) VALUES   (31,'White chocolate');
INSERT INTO describtion (desc_id, desc_ticle) VALUES   (32,'Vanilla chocolate');
INSERT INTO describtion (desc_id, desc_ticle) VALUES   (33,'Sweet chocolate');
INSERT INTO describtion (desc_id, desc_ticle) VALUES   (34,'White sweet chocolate');
 INSERT INTO describtion (desc_id, desc_ticle) VALUES  (35,'Black coconut chocolate');
INSERT INTO describtion (desc_id, desc_ticle) VALUES   (36,'Black forest fruit chocolate');
INSERT INTO describtion (desc_id, desc_ticle) VALUES   (37,'Peanut butter chocolate');
INSERT INTO describtion (desc_id, desc_ticle) VALUES   (38,'Strawberry chocolate');
INSERT INTO describtion (desc_id, desc_ticle) VALUES   (39,'Ganache vanilla chocolate');
INSERT INTO describtion (desc_id, desc_ticle) VALUES   (40,'Peppermint chocolate');
 INSERT INTO describtion (desc_id, desc_ticle) VALUES  (41,'Lemon chocolate');
INSERT INTO describtion (desc_id, desc_ticle) VALUES   (42,'Candy chocolate');
INSERT INTO describtion (desc_id, desc_ticle) VALUES   (43,'Forest fruitchocolate');
INSERT INTO describtion (desc_id, desc_ticle) VALUES   (44,'Caramel chocolate');

INSERT INTO  products VALUES (1, 'Chocolate Cake Roll ', 'cake1.jpg', 10.00,'cake',TO_DATE( '05.12.2019 12:34:12', 'DD.MM.YYYY HH24:MI:SS' ) ,TO_DATE( '16.12.2019 12:34:12', 'DD.MM.YYYY HH24:MI:SS' ),1,1,10);
INSERT INTO  products VALUES (2,  'Lemon Berry Petit Fours', 'cake2.jpg', 12.00,'cake',TO_DATE( '05.12.2019 12:34:12', 'DD.MM.YYYY HH24:MI:SS' ) ,TO_DATE( '16.12.2019 12:34:12', 'DD.MM.YYYY HH24:MI:SS' ),1,2,11);
INSERT INTO  products VALUES (3,'Blackberry Lavender Cake', 'cake3.jpg', 9.00,'cake',TO_DATE( '05.12.2019 12:34:12', 'DD.MM.YYYY HH24:MI:SS' ) ,TO_DATE( '16.12.2019 12:34:12', 'DD.MM.YYYY HH24:MI:SS' ),1,3,9);
INSERT INTO  products VALUES (4, ' Coconut Cake', 'cake4.jpg', 12.00,'cake',TO_DATE( '05.12.2019 12:34:12', 'DD.MM.YYYY HH24:MI:SS' ) ,TO_DATE( '16.12.2019 12:34:12', 'DD.MM.YYYY HH24:MI:SS' ),1,4,5);
INSERT INTO  products VALUES (5, 'Red Velvet Cake', 'cake5.jpg', 15.00,'cake',TO_DATE( '05.12.2019 12:34:12', 'DD.MM.YYYY HH24:MI:SS' ) ,TO_DATE( '16.12.2019 12:34:12', 'DD.MM.YYYY HH24:MI:SS' ),1,5,12);
INSERT INTO  products VALUES (6, 'Vanilla Cake', 'cake6.jpg', 20.00,'cake',TO_DATE( '05.12.2019 12:34:12', 'DD.MM.YYYY HH24:MI:SS' ) ,TO_DATE( '16.12.2019 12:34:12', 'DD.MM.YYYY HH24:MI:SS' ),1,6,20);
INSERT INTO  products VALUES (7, 'Lemon Berry Trifle', 'cake7.jpg', 8.00,'cake',TO_DATE( '05.12.2019 12:34:12', 'DD.MM.YYYY HH24:MI:SS' ) ,TO_DATE( '16.12.2019 12:34:12', 'DD.MM.YYYY HH24:MI:SS' ),1,7,7);
INSERT INTO  products VALUES (8, 'German Chocolate Cake', 'cake8.jpg', 12.00,'cake',TO_DATE( '05.12.2019 12:34:12', 'DD.MM.YYYY HH24:MI:SS' ) ,TO_DATE( '16.12.2019 12:34:12', 'DD.MM.YYYY HH24:MI:SS' ),1,8,8);

INSERT INTO products VALUES (9, 'One Giant Monster M M Cookie', 'c1.jpg', 3.00,'cookies',TO_DATE( '05.12.2019 12:34:12', 'DD.MM.YYYY HH24:MI:SS' ) ,TO_DATE( '16.12.2019 12:34:12', 'DD.MM.YYYY HH24:MI:SS' ),4,9,20);
INSERT INTO products VALUES (10, 'Jellybean Sugar Cookies', 'c2.jpg', 4.00,'cookies',TO_DATE( '05.12.2019 12:34:12', 'DD.MM.YYYY HH24:MI:SS' ) ,TO_DATE( '16.12.2019 12:34:12', 'DD.MM.YYYY HH24:MI:SS' ),4,10,21);
INSERT INTO products VALUES (11,'Sparkle Sweetheart Cookies', 'c3.jpg', 2.00,'cookies',TO_DATE( '05.12.2019 12:34:12', 'DD.MM.YYYY HH24:MI:SS' ) ,TO_DATE( '16.12.2019 12:34:12', 'DD.MM.YYYY HH24:MI:SS' ),4,11,25);
INSERT INTO products VALUES (12, 'Christmas Cookies', 'c4.jpg', 2.00,'cookies',TO_DATE( '05.12.2019 12:34:12', 'DD.MM.YYYY HH24:MI:SS' ) ,TO_DATE( '16.12.2019 12:34:12', 'DD.MM.YYYY HH24:MI:SS' ),4,12,30);
INSERT INTO products VALUES (13, 'Dough Neapolitan Cookies', 'c5.jpg', 3.00,'cookies',TO_DATE( '05.12.2019 12:34:12', 'DD.MM.YYYY HH24:MI:SS' ) ,TO_DATE( '16.12.2019 12:34:12', 'DD.MM.YYYY HH24:MI:SS' ),4,13,30);
INSERT INTO products VALUES (14, 'Peanut Butter Cup Cookies', 'c6.jpg', 4.00,'cookies',TO_DATE( '05.12.2019 12:34:12', 'DD.MM.YYYY HH24:MI:SS' ) ,TO_DATE( '16.12.2019 12:34:12', 'DD.MM.YYYY HH24:MI:SS' ),4,14,10);
INSERT INTO products VALUES (15,'Caramel Cookies ', 'c7.jpg', 2.00,'cookies',TO_DATE( '05.12.2019 12:34:12', 'DD.MM.YYYY HH24:MI:SS' ) ,TO_DATE( '16.12.2019 12:34:12', 'DD.MM.YYYY HH24:MI:SS' ),4,15,15);
INSERT INTO products VALUES (16, 'Coconut Macadamia Cookies', 'c8.jpg', 3.00,'cookies',TO_DATE( '05.12.2019 12:34:12', 'DD.MM.YYYY HH24:MI:SS' ) ,TO_DATE( '16.12.2019 12:34:12', 'DD.MM.YYYY HH24:MI:SS' ),4,16,20);

INSERT INTO products VALUES (17, 'Vanilla with Green Icing', 'cu1.png', 10.00,'cupcake',TO_DATE( '05.12.2019 12:34:12', 'DD.MM.YYYY HH24:MI:SS' ) ,TO_DATE( '16.12.2019 12:34:12', 'DD.MM.YYYY HH24:MI:SS' ),2,17,25);
INSERT INTO products VALUES (18, 'Deluxe BlackForest', 'cu2.png', 11.00,'cupcake',TO_DATE( '05.12.2019 12:34:12', 'DD.MM.YYYY HH24:MI:SS' ) ,TO_DATE( '16.12.2019 12:34:12', 'DD.MM.YYYY HH24:MI:SS' ),2,18,30);
INSERT INTO products VALUES (19, 'Deluxe Caramel Macadamia', 'cu3.png', 10.00,'cupcake',TO_DATE( '05.12.2019 12:34:12', 'DD.MM.YYYY HH24:MI:SS' ) ,TO_DATE( '16.12.2019 12:34:12', 'DD.MM.YYYY HH24:MI:SS' ),2,19,22);
INSERT INTO products VALUES (20, 'Deluxe Chocolate heaven', 'cu4.png', 9.00,'cupcake',TO_DATE( '05.12.2019 12:34:12', 'DD.MM.YYYY HH24:MI:SS' ) ,TO_DATE( '16.12.2019 12:34:12', 'DD.MM.YYYY HH24:MI:SS' ),2,20,24);
INSERT INTO products VALUES (21, 'Deluxe Rocky Road', 'cu5.png', 7.00,'cupcake',TO_DATE( '05.12.2019 12:34:12', 'DD.MM.YYYY HH24:MI:SS' ) ,TO_DATE( '16.12.2019 12:34:12', 'DD.MM.YYYY HH24:MI:SS' ),2,21,30);
INSERT INTO products VALUES (22, 'Deluxe Unicorn Chocolate', 'cu6.png', 11.00,'cupcake',TO_DATE( '05.12.2019 12:34:12', 'DD.MM.YYYY HH24:MI:SS' ) ,TO_DATE( '16.12.2019 12:34:12', 'DD.MM.YYYY HH24:MI:SS' ),2,22,31);

INSERT INTO products VALUES (23,'Vegan Gluten Free Fudge', 'cu7.png', 8.00,'tiny cupcake',TO_DATE( '05.12.2019 12:34:12', 'DD.MM.YYYY HH24:MI:SS' ) ,TO_DATE( '16.12.2019 12:34:12', 'DD.MM.YYYY HH24:MI:SS' ),3,23,40);
INSERT INTO products VALUES (24,'Tiny Banana', 'cu8.png', 8.00,'tiny cupcake',TO_DATE( '05.12.2019 12:34:12', 'DD.MM.YYYY HH24:MI:SS' ) ,TO_DATE( '16.12.2019 12:34:12', 'DD.MM.YYYY HH24:MI:SS' ),3,24,32);
INSERT INTO products VALUES (25, 'Tiny Choc with StarSprinkle', 'cu9.png', 10.00,'tiny cupcake',TO_DATE( '05.12.2019 12:34:12', 'DD.MM.YYYY HH24:MI:SS' ) ,TO_DATE( '16.12.2019 12:34:12', 'DD.MM.YYYY HH24:MI:SS' ),3,25,23);
INSERT INTO products VALUES (26, 'Tiny Salted Caramel', 'cu10.png', 9.00,'tiny cupcake',TO_DATE( '05.12.2019 12:34:12', 'DD.MM.YYYY HH24:MI:SS' ) ,TO_DATE( '16.12.2019 12:34:12', 'DD.MM.YYYY HH24:MI:SS' ),3,26,19);
INSERT INTO products VALUES (27, 'Tiny Strawberry', 'cu11.png', 8.00,'tiny cupcake',TO_DATE( '05.12.2019 12:34:12', 'DD.MM.YYYY HH24:MI:SS' ) ,TO_DATE( '16.12.2019 12:34:12', 'DD.MM.YYYY HH24:MI:SS' ),3,27,25);
INSERT INTO products VALUES (28, 'Vanilla with Pink Icing', 'cu12.png', 11.00,'tiny cupcake',TO_DATE( '05.12.2019 12:34:12', 'DD.MM.YYYY HH24:MI:SS' ) ,TO_DATE( '16.12.2019 12:34:12', 'DD.MM.YYYY HH24:MI:SS' ),3,28,49);

INSERT INTO products VALUES (29,'Carre-croquant', 'Carre-croquant-2.png', 2.00,'chocolate',TO_DATE( '05.12.2019 12:34:12', 'DD.MM.YYYY HH24:MI:SS' ) ,TO_DATE( '16.12.2019 12:34:12', 'DD.MM.YYYY HH24:MI:SS' ),5,29,100);
INSERT INTO products VALUES (30, 'Carre-croquant', 'Carre-croquant-23.png', 3.00,'chocolate',TO_DATE( '05.12.2019 12:34:12', 'DD.MM.YYYY HH24:MI:SS' ) ,TO_DATE( '16.12.2019 12:34:12', 'DD.MM.YYYY HH24:MI:SS' ),5,30,243);
INSERT INTO products VALUES (31, 'Casaleo', 'Casaleo-1-400x374.png', 2.00,'chocolate',TO_DATE( '05.12.2019 12:34:12', 'DD.MM.YYYY HH24:MI:SS' ) ,TO_DATE( '16.12.2019 12:34:12', 'DD.MM.YYYY HH24:MI:SS' ),5,31,256);
INSERT INTO products VALUES (32, 'Coeur-vanilie', 'Coeur-vanilie-3.png', 3.00,'chocolate',TO_DATE( '05.12.2019 12:34:12', 'DD.MM.YYYY HH24:MI:SS' ) ,TO_DATE( '16.12.2019 12:34:12', 'DD.MM.YYYY HH24:MI:SS' ),5,32,100);
INSERT INTO products VALUES (33, 'Delice', 'Delice-21.png', 3.00,'chocolate',TO_DATE( '05.12.2019 12:34:12', 'DD.MM.YYYY HH24:MI:SS' ) ,TO_DATE( '16.12.2019 12:34:12', 'DD.MM.YYYY HH24:MI:SS' ),5,33,125);
INSERT INTO products VALUES (34,'Desiree', 'Desiree-1.png', 2.00,'chocolate',TO_DATE( '05.12.2019 12:34:12', 'DD.MM.YYYY HH24:MI:SS' ) ,TO_DATE( '16.12.2019 12:34:12', 'DD.MM.YYYY HH24:MI:SS' ),5,34,150);
INSERT INTO products VALUES (35, 'Egina', 'Egina.png', 3.00,'chocolate',TO_DATE( '05.12.2019 12:34:12', 'DD.MM.YYYY HH24:MI:SS' ) ,TO_DATE( '16.12.2019 12:34:12', 'DD.MM.YYYY HH24:MI:SS' ),5,35,230);
INSERT INTO products VALUES (36, 'Eve', 'Eve-1.png', 4.00,'chocolate',TO_DATE( '05.12.2019 12:34:12', 'DD.MM.YYYY HH24:MI:SS' ) ,TO_DATE( '16.12.2019 12:34:12', 'DD.MM.YYYY HH24:MI:SS' ),5,36,120);
INSERT INTO products VALUES (37, 'EVE-fondant', 'EVE-fondant-SAP-47-QUADRI-400x374.png', 2.00,'chocolate',TO_DATE( '05.12.2019 12:34:12', 'DD.MM.YYYY HH24:MI:SS' ) ,TO_DATE( '16.12.2019 12:34:12', 'DD.MM.YYYY HH24:MI:SS' ),5,37,170);
INSERT INTO products VALUES (38, 'Fine-orange-coupee', 'Fine-orange-coupee-2.png', 3.00,'chocolate',TO_DATE( '05.12.2019 12:34:12', 'DD.MM.YYYY HH24:MI:SS' ) ,TO_DATE( '16.12.2019 12:34:12', 'DD.MM.YYYY HH24:MI:SS' ),5,38,250);
INSERT INTO products VALUES (39, 'Forever-rouge', 'Forever-rouge-1.png', 2.00,'chocolate',TO_DATE( '05.12.2019 12:34:12', 'DD.MM.YYYY HH24:MI:SS' ) ,TO_DATE( '16.12.2019 12:34:12', 'DD.MM.YYYY HH24:MI:SS' ),5,39,130);
INSERT INTO products VALUES (40, 'Ganache-vanille-fara-zahar', 'Ganache-vanille-fara-zahar-2.png', 2.00,'chocolate',TO_DATE( '05.12.2019 12:34:12', 'DD.MM.YYYY HH24:MI:SS' ) ,TO_DATE( '16.12.2019 12:34:12', 'DD.MM.YYYY HH24:MI:SS' ),5,40,90);
INSERT INTO products VALUES (41, 'I-love-you', 'I-love-you-21-400x374.png', 3.00,'chocolate',TO_DATE( '05.12.2019 12:34:12', 'DD.MM.YYYY HH24:MI:SS' ) ,TO_DATE( '16.12.2019 12:34:12', 'DD.MM.YYYY HH24:MI:SS' ),5,41,200);
INSERT INTO products VALUES (42, 'Irresistible', 'Irresistible-1.png', 2.00,'chocolate',TO_DATE( '05.12.2019 12:34:12', 'DD.MM.YYYY HH24:MI:SS' ) ,TO_DATE( '16.12.2019 12:34:12', 'DD.MM.YYYY HH24:MI:SS' ),5,42,140);
INSERT INTO products VALUES (43, 'Lingot', 'Lingot-2.png', 3.00,'chocolate',TO_DATE( '05.12.2019 12:34:12', 'DD.MM.YYYY HH24:MI:SS' ) ,TO_DATE( '16.12.2019 12:34:12', 'DD.MM.YYYY HH24:MI:SS' ),5,43,23);
INSERT INTO products VALUES (44, 'Louise ciocolata neagra', 'Louise-ciocolata-neagra-2 .png', 3.00,'chocolate',TO_DATE( '05.12.2019 12:34:12', 'DD.MM.YYYY HH24:MI:SS' ) ,TO_DATE( '16.12.2019 12:34:12', 'DD.MM.YYYY HH24:MI:SS' ),5,44,78);



INSERT INTO ing_id_fk (INGREDIENTS_ING_ID, PRODUCTS_PROD_ID) VALUES   (1,1);
INSERT INTO ing_id_fk (INGREDIENTS_ING_ID, PRODUCTS_PROD_ID) VALUES   (12,1);
INSERT INTO ing_id_fk (INGREDIENTS_ING_ID, PRODUCTS_PROD_ID) VALUES   (2,2);
INSERT INTO ing_id_fk (INGREDIENTS_ING_ID, PRODUCTS_PROD_ID) VALUES   (5,2);
INSERT INTO ing_id_fk (INGREDIENTS_ING_ID, PRODUCTS_PROD_ID) VALUES   (6,2);
INSERT INTO ing_id_fk (INGREDIENTS_ING_ID, PRODUCTS_PROD_ID) VALUES   (2,3);
INSERT INTO ing_id_fk (INGREDIENTS_ING_ID, PRODUCTS_PROD_ID) VALUES   (5,3);
INSERT INTO ing_id_fk (INGREDIENTS_ING_ID, PRODUCTS_PROD_ID) VALUES   (2,4);
INSERT INTO ing_id_fk (INGREDIENTS_ING_ID, PRODUCTS_PROD_ID) VALUES   (7,4);
INSERT INTO ing_id_fk (INGREDIENTS_ING_ID, PRODUCTS_PROD_ID) VALUES   (12,5);
INSERT INTO ing_id_fk (INGREDIENTS_ING_ID, PRODUCTS_PROD_ID) VALUES   (2,6);
INSERT INTO ing_id_fk (INGREDIENTS_ING_ID, PRODUCTS_PROD_ID) VALUES   (6,7);
INSERT INTO ing_id_fk (INGREDIENTS_ING_ID, PRODUCTS_PROD_ID) VALUES   (5,7);
INSERT INTO ing_id_fk (INGREDIENTS_ING_ID, PRODUCTS_PROD_ID) VALUES   (1,8);
INSERT INTO ing_id_fk (INGREDIENTS_ING_ID, PRODUCTS_PROD_ID) VALUES   (4,8);
INSERT INTO ing_id_fk (INGREDIENTS_ING_ID, PRODUCTS_PROD_ID) VALUES   (1,9);
INSERT INTO ing_id_fk (INGREDIENTS_ING_ID, PRODUCTS_PROD_ID) VALUES   (10,9);
INSERT INTO ing_id_fk (INGREDIENTS_ING_ID, PRODUCTS_PROD_ID) VALUES   (2,10);
INSERT INTO ing_id_fk (INGREDIENTS_ING_ID, PRODUCTS_PROD_ID) VALUES   (10,10);
INSERT INTO ing_id_fk (INGREDIENTS_ING_ID, PRODUCTS_PROD_ID) VALUES   (3,11);
INSERT INTO ing_id_fk (INGREDIENTS_ING_ID, PRODUCTS_PROD_ID) VALUES   (1,11);
INSERT INTO ing_id_fk (INGREDIENTS_ING_ID, PRODUCTS_PROD_ID) VALUES   (1,12);
INSERT INTO ing_id_fk (INGREDIENTS_ING_ID, PRODUCTS_PROD_ID) VALUES   (11,12);
INSERT INTO ing_id_fk (INGREDIENTS_ING_ID, PRODUCTS_PROD_ID) VALUES   (1,13);
INSERT INTO ing_id_fk (INGREDIENTS_ING_ID, PRODUCTS_PROD_ID) VALUES   (2,13);
INSERT INTO ing_id_fk (INGREDIENTS_ING_ID, PRODUCTS_PROD_ID) VALUES   (3,13);
INSERT INTO ing_id_fk (INGREDIENTS_ING_ID, PRODUCTS_PROD_ID) VALUES   (8,14);
INSERT INTO ing_id_fk (INGREDIENTS_ING_ID, PRODUCTS_PROD_ID) VALUES   (4,15);
INSERT INTO ing_id_fk (INGREDIENTS_ING_ID, PRODUCTS_PROD_ID) VALUES   (1,16);
INSERT INTO ing_id_fk (INGREDIENTS_ING_ID, PRODUCTS_PROD_ID) VALUES   (1,17);
INSERT INTO ing_id_fk (INGREDIENTS_ING_ID, PRODUCTS_PROD_ID) VALUES   (11,17);
INSERT INTO ing_id_fk (INGREDIENTS_ING_ID, PRODUCTS_PROD_ID) VALUES   (1,18);
INSERT INTO ing_id_fk (INGREDIENTS_ING_ID, PRODUCTS_PROD_ID) VALUES   (2,18);
INSERT INTO ing_id_fk (INGREDIENTS_ING_ID, PRODUCTS_PROD_ID) VALUES   (1,19);
INSERT INTO ing_id_fk (INGREDIENTS_ING_ID, PRODUCTS_PROD_ID) VALUES   (4,19);
INSERT INTO ing_id_fk (INGREDIENTS_ING_ID, PRODUCTS_PROD_ID) VALUES   (1,20);
INSERT INTO ing_id_fk (INGREDIENTS_ING_ID, PRODUCTS_PROD_ID) VALUES   (1,21);
INSERT INTO ing_id_fk (INGREDIENTS_ING_ID, PRODUCTS_PROD_ID) VALUES   (1,22);
INSERT INTO ing_id_fk (INGREDIENTS_ING_ID, PRODUCTS_PROD_ID) VALUES   (3,22);
INSERT INTO ing_id_fk (INGREDIENTS_ING_ID, PRODUCTS_PROD_ID) VALUES   (1,23);
INSERT INTO ing_id_fk (INGREDIENTS_ING_ID, PRODUCTS_PROD_ID) VALUES   (5,23);
INSERT INTO ing_id_fk (INGREDIENTS_ING_ID, PRODUCTS_PROD_ID) VALUES   (2,24);
INSERT INTO ing_id_fk (INGREDIENTS_ING_ID, PRODUCTS_PROD_ID) VALUES   (2,25);
INSERT INTO ing_id_fk (INGREDIENTS_ING_ID, PRODUCTS_PROD_ID) VALUES   (4,26);
INSERT INTO ing_id_fk (INGREDIENTS_ING_ID, PRODUCTS_PROD_ID) VALUES   (2,27);
INSERT INTO ing_id_fk (INGREDIENTS_ING_ID, PRODUCTS_PROD_ID) VALUES   (3,27);
INSERT INTO ing_id_fk (INGREDIENTS_ING_ID, PRODUCTS_PROD_ID) VALUES   (2,28);
INSERT INTO ing_id_fk (INGREDIENTS_ING_ID, PRODUCTS_PROD_ID) VALUES   (3,28);
INSERT INTO ing_id_fk (INGREDIENTS_ING_ID, PRODUCTS_PROD_ID) VALUES   (9,29);
INSERT INTO ing_id_fk (INGREDIENTS_ING_ID, PRODUCTS_PROD_ID) VALUES   (1,30);
INSERT INTO ing_id_fk (INGREDIENTS_ING_ID, PRODUCTS_PROD_ID) VALUES   (12,31);
INSERT INTO ing_id_fk (INGREDIENTS_ING_ID, PRODUCTS_PROD_ID) VALUES   (9,32);
INSERT INTO ing_id_fk (INGREDIENTS_ING_ID, PRODUCTS_PROD_ID) VALUES   (2,32);
INSERT INTO ing_id_fk (INGREDIENTS_ING_ID, PRODUCTS_PROD_ID) VALUES   (1,33);
INSERT INTO ing_id_fk (INGREDIENTS_ING_ID, PRODUCTS_PROD_ID) VALUES   (12,34);
INSERT INTO ing_id_fk (INGREDIENTS_ING_ID, PRODUCTS_PROD_ID) VALUES   (1,35);
INSERT INTO ing_id_fk (INGREDIENTS_ING_ID, PRODUCTS_PROD_ID) VALUES   (7,35);
INSERT INTO ing_id_fk (INGREDIENTS_ING_ID, PRODUCTS_PROD_ID) VALUES   (1,36);
INSERT INTO ing_id_fk (INGREDIENTS_ING_ID, PRODUCTS_PROD_ID) VALUES   (5,36);
INSERT INTO ing_id_fk (INGREDIENTS_ING_ID, PRODUCTS_PROD_ID) VALUES   (9,37);
INSERT INTO ing_id_fk (INGREDIENTS_ING_ID, PRODUCTS_PROD_ID) VALUES   (8,37);
INSERT INTO ing_id_fk (INGREDIENTS_ING_ID, PRODUCTS_PROD_ID) VALUES   (1,38);
INSERT INTO ing_id_fk (INGREDIENTS_ING_ID, PRODUCTS_PROD_ID) VALUES   (3,38);
INSERT INTO ing_id_fk (INGREDIENTS_ING_ID, PRODUCTS_PROD_ID) VALUES   (2,39);
INSERT INTO ing_id_fk (INGREDIENTS_ING_ID, PRODUCTS_PROD_ID) VALUES   (9,40);
INSERT INTO ing_id_fk (INGREDIENTS_ING_ID, PRODUCTS_PROD_ID) VALUES   (11,40);
INSERT INTO ing_id_fk (INGREDIENTS_ING_ID, PRODUCTS_PROD_ID) VALUES   (9,41);
INSERT INTO ing_id_fk (INGREDIENTS_ING_ID, PRODUCTS_PROD_ID) VALUES   (6,41);
INSERT INTO ing_id_fk (INGREDIENTS_ING_ID, PRODUCTS_PROD_ID) VALUES   (10,42);
INSERT INTO ing_id_fk (INGREDIENTS_ING_ID, PRODUCTS_PROD_ID) VALUES   (1,43);
INSERT INTO ing_id_fk (INGREDIENTS_ING_ID, PRODUCTS_PROD_ID) VALUES   (5,43);
INSERT INTO ing_id_fk (INGREDIENTS_ING_ID, PRODUCTS_PROD_ID) VALUES   (9,44);
INSERT INTO ing_id_fk (INGREDIENTS_ING_ID, PRODUCTS_PROD_ID) VALUES   (4,44);






INSERT INTO user_info (user_id, first_name, last_name, email, password, mobile, address1,address2) VALUES (1, 'Ana', 'Popescu', 'ana_popescu@yahoo.com', '555b4db651ccac30892af69b8ccee8b7', '0770786456', 'Primaverii 13','Tudor Vladimirescu');
INSERT INTO user_info (user_id, first_name, last_name, email, password, mobile, address1,address2) VALUES (2, 'Andrei', 'Moraru', 'moraru_andrei97@yahoo.com', 'e018597c755f487f926dea5f22b841d4', '0765234567', 'Tudor Vladimirescu','Tudor Vladimirescu');
INSERT INTO user_info (user_id, first_name, last_name, email, password, mobile, address1,address2) VALUES (3, 'Maria', 'Frentescu', 'maria_frentescu97@yahoo.com', '447d5163394430b573acc4664a92c0c3', '0770814525', 'Tudor Vladimirescu','Tudor Vladimirescu');
INSERT INTO user_info (user_id, first_name, last_name, email, password, mobile, address1,address2) VALUES (4, 'Florina', 'Bejan', 'florina_bj@yahoo.com', 'e1493c274a28b14ef369cb22b86897e7', '0769753678', 'Tudor Vladimirescu','Tudor Vladimirescu');

